Name,Price
Casio A1481 Enticer Men's Analog Watch  - For Men,"₹2,397"
Casio A1532 Enticer Men's Analog Watch  - For Men,"₹2,397"
Titan 1773SL02 Karishma Analog Watch  - For Men,"₹1,596"
Titan 1729SL02 Analog Watch  - For Men,"₹1,516"
Titan NH1639SM01 Karishma Analog Watch  - For Men,"₹1,436"
Fastrack 3166KM01 All Nighters Analog Watch  - For Men,"₹2,520"
Gopal Retail Paidu 58897 Black Dial Stainless Still Belt Analouge...,₹213
Lois Caron LCS-8075 BLUE DIAL DAY & DATE FUNCTIONING Analog Watch...,₹312
Lois Caron LCS-8049 BLACK DIAL DAY & DATE FUNCTIONING Analog Watc...,₹331
Fogg 2058-BK Printed Black Day and Date Analog Watch  - For Men,₹312
Espoir CheckBlueRay0507 DAY AND DATE FUNCTIONING Analog Watch  - ...,₹299
Fastrack 38024PP25 Minimalists Analog Watch  - For Men & Women,₹850
ADIXION M Mahadev Watch with Black Leather Strap (Lord Siva) Anal...,₹125
Skmei Fully black led silicon belt date & day display light chang...,₹84
Awex SKMEI Sports Multifunctional Dual Time Digital Blue Dial Men...,₹430
Casado 209BLUBLU JUST SMILE:) Analog Watch  - For Men,₹200
Espoir LCS-96142 DAY AND DATE FUNCTIONING Analog Watch  - For Men,₹299
Timebre MXGLD221-5 Original Gold Plating Analog Watch  - For Men,₹483
Embassy 3 Watches Analog Watch  - For Men,₹331
Fogg 1164-BR Brown Day and Date Unique New Analog Watch  - For Me...,₹312
Buccachi B-GR5046-BWH-CH White & Blue Dial Day & Date Functioning...,₹312
UNU Combo Of Two Stylish Leather Strap New Fashion 2019 Mens Anal...,₹189
Fogg 2058-BL Printed Blue Day and Date Analog Watch  - For Men,₹312
LimeStone LS2804 All Black Mesh Strap Day and Date Functioning Qu...,₹314
just like 5000- Blue Day_Date Leather Strap Men Analog Watch - Fo...,₹246
Skmei blue22557 SKMEI 1155 LED And Pointer Display 50M Multifunct...,₹436
Sonata 77085PP03 Volt Analog Watch  - For Men,₹649
LOREM LK-05 Black-Round Professional Plain Leather Analog Watch  ...,₹151
Skmei AD1166 Analog-Digital Watch  - For Men,₹423
Sonata 77085PP01 Volt Analog Watch  - For Men,₹649
Cavalli R7251900113 Analog Watch  - For Men,₹504
COSMIC DFGHK52 Analog Watch  - For Men,₹351
DK KM-500 Skeleton Analog Watch  - For Men,₹298
Cavalli R7251900111 Analog Watch  - For Men,₹468
